"location","source","target"
"strings_to_translate.php:3 strings_to_translate.php:7 strings_to_translate.php:17 strings_to_translate.php:18 strings_to_translate.php:22","Formato inválido, tem de ter 10 digitos","Formato no válido, debe tener 10 dígitos"
"strings_to_translate.php:4","Formato inválido, tem de ter entre 4 a 13 digitos","Formato no válido, debe tener entre 4 y 13 dígitos"
"strings_to_translate.php:5","Formato inválido, tem de ter entre 8 a 9 digitos","Formato no válido, debe tener entre 8 y 9 dígitos"
"strings_to_translate.php:6","Formato inválido, tem de ter 11 digitos","Formato no válido, debe tener 11 dígitos"
"strings_to_translate.php:8 strings_to_translate.php:11 strings_to_translate.php:13 strings_to_translate.php:15 strings_to_translate.php:20","Formato inválido, tem de ter 9 digitos","Formato no válido, debe tener 9 dígitos"
"strings_to_translate.php:9","Formato inválido, tem de ter entre 4 a 12 digitos","Formato no válido, debe tener entre 4 y 12 dígitos"
"strings_to_translate.php:10 strings_to_translate.php:14 strings_to_translate.php:19","Formato inválido, tem de ter 8 digitos","Formato no válido, debe tener 8 dígitos"
"strings_to_translate.php:12","Formato inválido, tem de ter entre 5 a 12 digitos","Formato no válido, debe tener entre 5 y 12 dígitos"
"strings_to_translate.php:16","Formato inválido, tem de ter entre 8 a 11 digitos","Formato no válido, debe tener entre 8 y 11 dígitos"
"strings_to_translate.php:21","Formato inválido, tem de ter entre 7 a 9 digitos","Formato no válido, debe tener entre 7 y 9 dígitos"
"strings_to_translate.php:26","Trabalho por conta de outrém a tempo inteiro","Trabajo por cuenta ajena a tiempo completo"
"strings_to_translate.php:27","Tenho o meu próprio negócio","Tengo mi propio negocio"
"strings_to_translate.php:28","Trabalho por conta de outrém a tempo parcial","Trabajo por cuenta ajena a tiempo parcial"
"strings_to_translate.php:29","Trabalho em casa","Trabajo en casa"
"strings_to_translate.php:30","Sou estudante a tempo inteiro","Soy estudiante a tiempo completo"
"strings_to_translate.php:31","Sou estudante em tempo parcial","Soy estudiante a tiempo parcial"
"strings_to_translate.php:32","Estou desempregado","Estoy desempleado"
"strings_to_translate.php:36","Não é um formato válido. ex: Annnn(AAA)","No es un formato válido. Ejemplo: Annnn(AAA)"
"strings_to_translate.php:37 strings_to_translate.php:38 strings_to_translate.php:39 strings_to_translate.php:49","Não é um formato válido. ex: nnnn","No es un formato válido. Ejemplo: nnnn"
"strings_to_translate.php:40 strings_to_translate.php:41 strings_to_translate.php:42 strings_to_translate.php:44 strings_to_translate.php:46 strings_to_translate.php:47","Não é um formato válido. ex: nnnnn","No es un formato válido. Ejemplo: nnnnn"
"strings_to_translate.php:43","Não é um formato válido. ex: FInnnnn","No es un formato válido. Ejemplo: FInnnnn"
"strings_to_translate.php:45","Não é um formato válido. ex: AA(AA) nAA","No es un formato válido. Ejemplo: AA(AA) nAA"
"strings_to_translate.php:48","Não é um formato válido. ex: nnnn AA","No es un formato válido. Ejemplo: nnnn AA"
"strings_to_translate.php:50","Não é um formato válido. ex: nnnn(-nnn)","No es un formato válido. Ejemplo: nnnn(-nnn)"
"strings_to_translate.php:51","Não é um formato válido. ex: SEnnn nn","No es un formato válido. Ejemplo: SEnnn nn"
"strings_to_translate.php:52","Não é um formato válido. ex: nnnnn-nnnn","No es un formato válido. Ejemplo: nnnn-nnnnn"
"strings_to_translate.php:56","Sozinho (eu sei o que quero e o que é bom para mim)","Solo (sé lo que quiero y lo que es bueno para mí)"
"strings_to_translate.php:57","Com amigos (eles são sempre honestos comigo!)","Con amigos (¡que son siempre sinceros conmigo!)"
"strings_to_translate.php:58","Online (rápido e eficiente)","Online (rápido y eficiente)"
"strings_to_translate.php:59","É outra pessoa que normalmente compras as coisas para mim (eu não tenho tempo nem interesse)","Hay otra persona que normalmente compra cosas para mí (no tengo tiempo ni interés)"
"strings_to_translate.php:60","Nenhuma das respostas anteriores","Ninguna de las anteriores"
"strings_to_translate.php:64","Banca/Finanças/Seguros","Banca/Finanzas/Seguros"
"strings_to_translate.php:65","Antiguidades","Antigüedades"
"strings_to_translate.php:66","Arte/Exposições/Museus","Arte/Exposiciones/Museos"
"strings_to_translate.php:67","Conferências","Conferencias"
"strings_to_translate.php:68","Cozinhar","Cocina"
"strings_to_translate.php:69","Gastronomia","Gastronomía"
"strings_to_translate.php:70","Animação online/3D","Animación online/3D"
"strings_to_translate.php:71","Decoração","Decoración"
"strings_to_translate.php:72","Bricolage","Bricolaje"
"strings_to_translate.php:73","Design","Diseño"
"strings_to_translate.php:74","Desenho/Artes plásticas","Diseño/Artes plásticas"
"strings_to_translate.php:75","Pesca","Pesca"
"strings_to_translate.php:76","Caça","Caza"
"strings_to_translate.php:77","Jogo/Poker/Casino","Juego/Póker/Casino"
"strings_to_translate.php:78","Artesanato","Artesanía"
"strings_to_translate.php:79","Internet","Internet"
"strings_to_translate.php:80","Bebidas","Bebidas"
"strings_to_translate.php:81","Tocar música","Tocar música"
"strings_to_translate.php:82","Vinhos","Vinos"
"strings_to_translate.php:83","Fotografia","Fotografía"
"strings_to_translate.php:84","Vídeo","Vídeo"
"strings_to_translate.php:85","Teatro","Teatro"
"strings_to_translate.php:86","Cinema","Cine"
"strings_to_translate.php:87","Vídeojogos","Videojuegos"
"strings_to_translate.php:88","Computadores","Ordenadores"
"strings_to_translate.php:89","Ler revistas","Leer revistas"
"strings_to_translate.php:90","Fazer compras","Compras"
"strings_to_translate.php:91","Jogar na bolsa","Invertir en bolsa"
"strings_to_translate.php:92","Viajar","Viajar"
"strings_to_translate.php:93","Escrever","Escribir"
"strings_to_translate.php:94","Automóveis ","Coches"
"strings_to_translate.php:95","Motociclismo","Motos"
"strings_to_translate.php:96","Vida saudável/Nutrição","Vida saludable/Nutrición"
"strings_to_translate.php:97","Campismo","Acampada"
"strings_to_translate.php:98","Ópera","Ópera"
"strings_to_translate.php:99","Cosmética/Beleza","Cosméticos/Belleza"
"strings_to_translate.php:100","Férias/Viagens","Vacaciones/Viajes"
"strings_to_translate.php:101","Jardinagem","Jardinería"
"strings_to_translate.php:102","Limpeza","Limpieza"
"strings_to_translate.php:103","Literatura/Livros","Literatura/Libros"
"strings_to_translate.php:104","Moda/Roupa/Acessórios","Moda/Ropa/Accesorios"
"strings_to_translate.php:105","Montanhismo","Montañismo"
"strings_to_translate.php:106","Música/Concertos","Música/Conciertos"
"strings_to_translate.php:107","Negócios","Negocios"
"strings_to_translate.php:111","Eu adoro ter e experimentar produtos novos, e estou sempre à procura deles.","Me encanta tener productos nuevos y poder probarlos. Los busco siempre."
"strings_to_translate.php:112","Eu compro produtos novos, se vir neles conveniência","Puedo comprar productos nuevos si me doy cuenta de que son realmente útiles."
"strings_to_translate.php:113","Se os meus amigos me recomendarem um produto novo, normalmente compro.","Si mis amigos me recomiendan un producto nuevo, normalmente lo compro."
"strings_to_translate.php:114","Apenas compro e experimento produtos novos de vez em quando.","Trato de probar y comprar productos nuevos de vez en cuando."
"strings_to_translate.php:118","Ator","Actor"
"strings_to_translate.php:119","Administrativo","Administrativo"
"strings_to_translate.php:120","Advogado","Abogado"
"strings_to_translate.php:121","Agente de Segurança","Agente de seguridad"
"strings_to_translate.php:122","Agricultor","Agricultor"
"strings_to_translate.php:123","Analista","Analista"
"strings_to_translate.php:124","Antropólogo","Antropólogo"
"strings_to_translate.php:125","Arqueólogo","Arqueólogo"
"strings_to_translate.php:126","Arquiteto","Arquitecto"
"strings_to_translate.php:127","Artista","Artista"
"strings_to_translate.php:128","Auditor","Auditor"
"strings_to_translate.php:129","Bancário","Bancario"
"strings_to_translate.php:130","Barbeiro","Barbero"
"strings_to_translate.php:131","Biólogo","Biólogo"
"strings_to_translate.php:132","Bombeiro","Bombero"
"strings_to_translate.php:133","Cabeleireiro","Peluquero"
"strings_to_translate.php:134","Canalizador","Fontanero"
"strings_to_translate.php:135","Carpinteiro","Carpintero"
"strings_to_translate.php:136","Cientista","Científico"
"strings_to_translate.php:137","Comerciante","Comerciante"
"strings_to_translate.php:138","Comunicação","Comunicación"
"strings_to_translate.php:139","Construtor Civil","Albañil"
"strings_to_translate.php:140","Consultor","Consultor"
"strings_to_translate.php:141","Contabilista","Contable"
"strings_to_translate.php:142","Cozinheiro","Cocinero"
"strings_to_translate.php:143","Dançarino","Bailarín"
"strings_to_translate.php:144","Decorador","Decorador"
"strings_to_translate.php:145","Dentista","Dentista"
"strings_to_translate.php:146","Designer Gráfico","Diseñador gráfico"
"strings_to_translate.php:147","Designer de Moda","Diseñador de moda"
"strings_to_translate.php:148","Desportista","Deportista"
"strings_to_translate.php:149","Dietista","Dietista"
"strings_to_translate.php:150","Doméstico","Ama de casa"
"strings_to_translate.php:151","Economista","Economista"
"strings_to_translate.php:152","Educador de Infância","Maestro de educación infantil"
"strings_to_translate.php:153","Eletricista","Electricista"
"strings_to_translate.php:154","Empregado de Bar","Barman"
"strings_to_translate.php:155","Empregado de Loja","Dependiente"
"strings_to_translate.php:156","Empregado de Mesa","Camarero"
"strings_to_translate.php:157","Enfermeiro","Enfermero"
"strings_to_translate.php:158","Engenheiro","Ingeniero"
"strings_to_translate.php:159","Escritor","Escritor"
"strings_to_translate.php:160","Escultor","Escultor"
"strings_to_translate.php:161","Estudante","Estudiante"
"strings_to_translate.php:162","Farmacêutico","Farmacéutico"
"strings_to_translate.php:163","Físico","Físico"
"strings_to_translate.php:164","Fisioterapeuta","Fisioterapeuta"
"strings_to_translate.php:165","Fotógrafo","Fotógrafo"
"strings_to_translate.php:166","Funcionário Público","Funcionario público"
"strings_to_translate.php:167","Geólogo","Geólogo"
"strings_to_translate.php:168","Gestor","Gerente"
"strings_to_translate.php:169","Governanta","Empleado doméstico"
"strings_to_translate.php:170","Historiador","Historiador"
"strings_to_translate.php:171","Informático","Informático"
"strings_to_translate.php:172","Jardineiro","Jardinero"
"strings_to_translate.php:173","Jornalista","Periodista"
"strings_to_translate.php:174","Juiz","Juez"
"strings_to_translate.php:175","Marinheiro","Marinero"
"strings_to_translate.php:176","Marketeer","Agente de marketing"
"strings_to_translate.php:177","Massagista","Masajista"
"strings_to_translate.php:178","Matemático","Matemático"
"strings_to_translate.php:179","Mecânico","Mecánico"
"strings_to_translate.php:180","Médico","Médico"
"strings_to_translate.php:181","Militar","Militar"
"strings_to_translate.php:182","Mineiro","Minero"
"strings_to_translate.php:183","Modelo","Modelo"
"strings_to_translate.php:184","Motorista","Conductor"
"strings_to_translate.php:185","Músico","Músico"
"strings_to_translate.php:186","Nutricionista","Nutricionista"
"strings_to_translate.php:187","Operário","Operario de fábrica"
"strings_to_translate.php:188","Ótico","Óptico"
"strings_to_translate.php:189","Paisagista","Paisajista"
"strings_to_translate.php:190","Pasteleiro","Pastelero"
"strings_to_translate.php:191","Pescador","Pescador"
"strings_to_translate.php:192","Pintor","Pintor"
"strings_to_translate.php:193","Polícia","Policía"
"strings_to_translate.php:194","Professor","Maestro"
"strings_to_translate.php:195","Professor de Fitness","Profesor de fitness"
"strings_to_translate.php:196","Programador","Programador"
"strings_to_translate.php:197","Psicólogo","Psicólogo"
"strings_to_translate.php:198","Publicitário","Publicista"
"strings_to_translate.php:199","Químico","Químico"
"strings_to_translate.php:200","Rececionista","Recepcionista"
"strings_to_translate.php:201","Soldador","Soldador"
"strings_to_translate.php:202","Talhante","Carnicero"
"strings_to_translate.php:203","Taxista","Taxista"
"strings_to_translate.php:204","Técnico de Saúde","Personal sanitario"
"strings_to_translate.php:205","Trabalhador da Construção Civil","Trabajador de la construcción"
"strings_to_translate.php:206","Trabalho Social","Asistente social"
"strings_to_translate.php:207","Turismo","Turismo"
"strings_to_translate.php:208","Urbanista","Urbanista"
"strings_to_translate.php:209","Vendedor","Vendedor"
"strings_to_translate.php:210","Veterinário","Veterinario"
"strings_to_translate.php:211","Vigilante","Vigilante"
"strings_to_translate.php:215","Normalmente faço as coisas sozinho. Assim posso fazer o que quero.","Normalmente hago las cosas solo. Así puedo hacer lo que quiero."
"strings_to_translate.php:216","Se os meus amigos tomarem as decisões, normalmente eu participo sempre","Si mis amigos deciden, suelo participar siempre."
"strings_to_translate.php:217","Quase sempre decidimos em conjunto o que fazer.","Casi siempre decidimos juntos qué hacer."
"strings_to_translate.php:218","Eu sugiro frequentemente o que devemos fazer e convenço os meus amigos.","Con frecuencia sugiero lo que debemos hacer y consigo convencer a mis amigos."
"strings_to_translate.php:219","Eu planeio na maior parte das vezes o que fazemos.","Yo planifico la mayoría del tiempo lo que vamos a hacer."
"strings_to_translate.php:223","Facebook","Facebook"
"strings_to_translate.php:224","Twitter","Twitter"
"strings_to_translate.php:225","Google +","Google +"
"strings_to_translate.php:226","Myspace","Myspace"
"strings_to_translate.php:227","Orkut","Orkut"
"strings_to_translate.php:228","MSN","MSN"
"strings_to_translate.php:229","LinkedIn","LinkedIn"
"strings_to_translate.php:230","Hi5","Hi5"
"strings_to_translate.php:231","Flickr","Flickr"
"strings_to_translate.php:232","Pinterest","Pinterest"
"strings_to_translate.php:233","Netlog","Netlog"
"strings_to_translate.php:234","Foursquare","Foursquare"
"strings_to_translate.php:235","Bebo","Bebo"
"strings_to_translate.php:236","Istagr.am","Istagr.am"
"strings_to_translate.php:240 strings_to_translate.php:241 strings_to_translate.php:242","Com que frequência usas as seguintes tecnologias?","Con qué frecuencia utilizas las siguientes tecnologías"
"strings_to_translate.php:246 strings_to_translate.php:266 strings_to_translate.php:286 strings_to_translate.php:306 strings_to_translate.php:326 strings_to_translate.php:346 strings_to_translate.php:366","flags",""
"strings_to_translate.php:247 strings_to_translate.php:267 strings_to_translate.php:287 strings_to_translate.php:307 strings_to_translate.php:327 strings_to_translate.php:347 strings_to_translate.php:367","Condições de utilização","Términos y condiciones de uso del sitio web"
"strings_to_translate.php:248 strings_to_translate.php:268 strings_to_translate.php:288 strings_to_translate.php:308 strings_to_translate.php:328 strings_to_translate.php:348 strings_to_translate.php:368","Entrada","Entrada"
"strings_to_translate.php:249 strings_to_translate.php:269 strings_to_translate.php:289 strings_to_translate.php:309 strings_to_translate.php:329 strings_to_translate.php:349 strings_to_translate.php:369","Wom no Mundo","WOM en el mundo"
"strings_to_translate.php:250 strings_to_translate.php:270 strings_to_translate.php:290 strings_to_translate.php:310 strings_to_translate.php:330 strings_to_translate.php:350 strings_to_translate.php:370","Para empresas","Para empresas"
"strings_to_translate.php:251 strings_to_translate.php:271 strings_to_translate.php:291 strings_to_translate.php:311 strings_to_translate.php:331 strings_to_translate.php:351 strings_to_translate.php:371","Para embaixadores","Para embajadores"
"strings_to_translate.php:252 strings_to_translate.php:272 strings_to_translate.php:292 strings_to_translate.php:312 strings_to_translate.php:332 strings_to_translate.php:352 strings_to_translate.php:372","Contacta-nos","Contacta con nosotros"
"strings_to_translate.php:253 strings_to_translate.php:273 strings_to_translate.php:293 strings_to_translate.php:313 strings_to_translate.php:333 strings_to_translate.php:353 strings_to_translate.php:373","Política de privacidade","Política de privacidad"
"strings_to_translate.php:254 strings_to_translate.php:274 strings_to_translate.php:294 strings_to_translate.php:314 strings_to_translate.php:334 strings_to_translate.php:354 strings_to_translate.php:374","Registo","Registro"
"strings_to_translate.php:255 strings_to_translate.php:275 strings_to_translate.php:295 strings_to_translate.php:315 strings_to_translate.php:335 strings_to_translate.php:355 strings_to_translate.php:375","Recuperar Pass","Recuperar contraseña"
"strings_to_translate.php:256 strings_to_translate.php:276 strings_to_translate.php:296 strings_to_translate.php:316 strings_to_translate.php:336 strings_to_translate.php:356 strings_to_translate.php:376","Questionários","Cuestionarios"
"strings_to_translate.php:257 strings_to_translate.php:277 strings_to_translate.php:297 strings_to_translate.php:317 strings_to_translate.php:337 strings_to_translate.php:357 strings_to_translate.php:377","Questionario Mostra",""
"strings_to_translate.php:258 strings_to_translate.php:278 strings_to_translate.php:298 strings_to_translate.php:318 strings_to_translate.php:338 strings_to_translate.php:358 strings_to_translate.php:378","O meu perfil","Mi perfil"
"strings_to_translate.php:259 strings_to_translate.php:279 strings_to_translate.php:299 strings_to_translate.php:319 strings_to_translate.php:339 strings_to_translate.php:359 strings_to_translate.php:379","Confirmação","Confirmación"
"strings_to_translate.php:260 strings_to_translate.php:280 strings_to_translate.php:300 strings_to_translate.php:320 strings_to_translate.php:340 strings_to_translate.php:360 strings_to_translate.php:380","Campanhas","Campañas"
"strings_to_translate.php:261 strings_to_translate.php:281 strings_to_translate.php:301 strings_to_translate.php:321 strings_to_translate.php:341 strings_to_translate.php:361 strings_to_translate.php:381","Informação","Información"
"strings_to_translate.php:262 strings_to_translate.php:282 strings_to_translate.php:302 strings_to_translate.php:322 strings_to_translate.php:342 strings_to_translate.php:362 strings_to_translate.php:382","site_entrance","página inicial"
"strings_to_translate.php:263 strings_to_translate.php:283 strings_to_translate.php:303 strings_to_translate.php:323 strings_to_translate.php:343 strings_to_translate.php:363 strings_to_translate.php:383","Nova Password","Nueva contraseña"
"strings_to_translate.php:264 strings_to_translate.php:284 strings_to_translate.php:304 strings_to_translate.php:324 strings_to_translate.php:344 strings_to_translate.php:364 strings_to_translate.php:384","Confirmação Password","Confirmar contraseña"
"strings_to_translate.php:265 strings_to_translate.php:285 strings_to_translate.php:305 strings_to_translate.php:325 strings_to_translate.php:345 strings_to_translate.php:365 strings_to_translate.php:385","fake_page","página falsa"
"strings_to_translate.php:389","Feminino","Mujer"
"strings_to_translate.php:390","Masculino","Hombre"
"strings_to_translate.php:394","Solteiro","Soltero"
"strings_to_translate.php:395","Casado","Casado"
"strings_to_translate.php:396","Divorciado","Divorciado"
"strings_to_translate.php:397","Viuvo","Viudo"
"strings_to_translate.php:401","Primária","Primaria"
"strings_to_translate.php:402","Preparatória","Preparatoria"
"strings_to_translate.php:403","Secundário","Secundaria"
"strings_to_translate.php:404","Licenciatura","Licenciatura"
"strings_to_translate.php:405","Mestrado","Máster universitario"
"strings_to_translate.php:406","Doutoramento","Doctorado"
"strings_to_translate.php:410","Sim","sí"
"strings_to_translate.php:411","Não","no"
"controllers/ambassadors.controller.php:102","Bem-vindo","Bienvenido"
"controllers/ambassadors.controller.php:155 controllers/ambassadors.controller.php:201","É necessário um endereço de e-mail válido.","Se necesita una dirección de correo electrónico válida."
"controllers/ambassadors.controller.php:229","O endereço fornecido já existe.","La dirección de correo electrónico proporcionada ya existe."
"controllers/ambassadors.controller.php:268","Lamentamos mas ocorreu um erro ao efectuar o seu pré-registo. Foi-nos impossível guardá-lo.","Lamentamos lo sucedido, pero se ha producido un error al realizar la preinscripción. No se ha podido guardar la dirección correo electrónico proporcionada."
"controllers/ambassadors.controller.php:282","Lamentamos mas ocorreu um erro ao efectuar o pré-registo. Foi-nos impossível guardar o endereço de mail fornecido.","Lamentamos lo sucedido, pero se ha producido un error al realizar la preinscripción. No se ha podido guardar la dirección correo electrónico proporcionada."
"controllers/ambassadors.controller.php:321","Lamentamos mas ocorreu um erro ao enviar o mail para o endereço fornecido.","Lamentamos lo sucedido, pero se ha producido un error al enviar el correo a la dirección proporcionada."
"controllers/ambassadors.controller.php:333","<p>5 - Parabéns. O teu registo foi efectuado.</p>
						<p class=""texto5"">Dentro de alguns dias receberás novidades no teu email. Entretanto recomenda já o nosso site a todos os teus amigos. Podes ganhar pontos adicionais por cada um que se inscreva através da tua recomendação. Mais pontos são mais possibilidades de receberes convites para as campanhas que são do teu interesse. Não percas tempo!</p>",""
"controllers/ambassadors.controller.php:344","Lamentamos imenso mas uma situação imprevista inviabilizou a acção de pre-registo.","Lamentamos lo sucedido, pero una situación imprevista ha hecho imposible realizar la preinscripción."
"controllers/ambassadors.controller.php:367 controllers/ambassadors.controller.php:377","Ups! Algo correu mal!","¡Vaya... algo salió mal!"
"controllers/ambassadors.controller.php:451","Não foi possível confirmar o registo.","No se ha podido confirmar la inscripción."
"controllers/ambassadors.controller.php:460","O registo já se encontra confirmado.","La inscripción ya está confirmada."
"controllers/ambassadors.controller.php:509","<p>Parabéns.</p>O teu registo foi um sucesso. Dentro de alguns dias receberás novidades no teu email. Entretanto recomenda já o nosso site a todos os teus amigos. Podes ganhar pontos adicionais por cada um que se inscreva através da tua recomendação. Mais pontos são mais possibilidades de receberes convites para as campanhas que são do teu interesse. Não percas tempo!",""
"controllers/ambassadors.controller.php:512","Ocorreu um erro ao efectuar o teu registo.","Ha ocurrido un error al realizar tu registro."
"controllers/content.controller.php:386","Community","comunidad"
"controllers/content.controller.php:424","Sobre nós","¿Quiénes somos?"
"controllers/content.controller.php:455 controllers/content.controller.php:482 controllers/content.controller.php:522","Suporte","Soporte"
"controllers/content.controller.php:542","Junta-te a nós","Únete a nosotros"
"controllers/dashboard.controller.php:19","Dados Demográficos","Información Demográfica "
"controllers/dashboard.controller.php:22","Género","Género"
"controllers/dashboard.controller.php:25","Idade","Edad"
"controllers/dashboard.controller.php:29","Escolaridade","Nacionalidad"
"controllers/default.controller.php:368","Lamentamos imenso o sucedido mas uma situação imprevista inviabilizou a satisfação do pedido com sucesso","Lamentamos lo sucedido, pero una situación imprevista ha hecho imposible la realización de la petición."
"controllers/registration.controller.beta.php:49 controllers/registration.controller.php:373","Existem erros de preenchimento que devem ser corrigidos para poder continuar.","Hay errores de datos que deben corregirse para continuar."
"controllers/registration.controller.beta.php:54 controllers/registration.controller.php:378","A introdução do nome é obrigatória.","La introducción del nombre es obligatoria."
"controllers/registration.controller.beta.php:60 controllers/registration.controller.php:384","A introdução do apelido é obrigatória.","La introducción de los apellidos es obligatoria."
"controllers/registration.controller.beta.php:66 controllers/registration.controller.php:390 controllers/registration.controller.php:466 controllers/registration.controller.php:501 controllers/registration.controller.php:536 controllers/registration.controller.php:557 controllers/registration.controller.php:564 controllers/registration.controller.php:620 controllers/registration.controller.php:626 controllers/registration.controller.php:660","Tem de introduzir um email válido.","Debes introducir una dirección de correo electrónico válida."
"controllers/registration.controller.beta.php:72 controllers/registration.controller.php:396","A password tem de ter no mínimo 6 caracteres","La contraseña debe tener al menos 6 caracteres."
"controllers/registration.controller.beta.php:78 controllers/registration.controller.php:402","A password não pode ser ""olamaria""",""
"controllers/registration.controller.beta.php:84 controllers/registration.controller.php:408","Erro na confirmação de email.","Error en la confirmación del correo electrónico."
"controllers/registration.controller.beta.php:85 controllers/registration.controller.php:409","Este email está incorreto.","Este correo electrónico es incorrecto."
"controllers/registration.controller.beta.php:90 controllers/registration.controller.php:414","Erro na confirmação da password.","Error en la confirmación de la contraseña."
"controllers/registration.controller.beta.php:96 controllers/registration.controller.php:420","Necessita aceitar os termos","Necesitas aceptar los términos."
"controllers/registration.controller.beta.php:106 controllers/registration.controller.php:430","Este email já existe no sistema.","Esta dirección de correo electrónico ya existe en el sistema."
"controllers/registration.controller.beta.php:119 controllers/registration.controller.php:443","Código errado.","Código incorrecto."
"controllers/registration.controller.beta.php:230","Erro ao forçar autenticação.",""
"controllers/registration.controller.beta.php:564","Ocorreu um erro ao guardar o seu registo","Ha ocurrido un error al realizar tu registro."
"controllers/registration.controller.beta.php:780 controllers/registration.controller.php:864 controllers/registration.controller.php:894","Olá","Hola"
"controllers/registration.controller.beta.php:781 controllers/registration.controller.php:865 controllers/registration.controller.php:895","Estás apenas a um passo de completar o processo de registo.","Falta sólo un paso para completar el proceso de registro."
"controllers/registration.controller.beta.php:782 controllers/registration.controller.php:866 controllers/registration.controller.php:896","Para terminar clica no link seguinte para confirmares a criação da tua conta:","Para terminar, haz clic en el siguiente enlace para confirmar la creación de tu cuenta: "
"controllers/registration.controller.beta.php:783 controllers/registration.controller.php:867 controllers/registration.controller.php:897","Link de activação","Enlace de activación"
"controllers/registration.controller.beta.php:784 controllers/registration.controller.php:868 controllers/registration.controller.php:898","Aproveita e activa este e-mail como &ldquo;Safe/Not junk&rdquo; para que possas continuar a receber e-mails nossos e a participar nas campanhas e estudos que temos para ti.","Aprovecha y activa este correo electrónico como ""Seguro / No spam"" para que puedas seguir recibiendo correos electrónicos nuestros y participar en las campañas y sondeos de opinión que tenemos para ti."
"controllers/registration.controller.beta.php:785 controllers/registration.controller.php:869 controllers/registration.controller.php:899","Obrigado","Gracias"
"controllers/registration.controller.beta.php:886 controllers/registration.controller.php:915","Obrigado pelo tempo que dispensaste para aderir à comunidade %s.","Gracias por el tiempo que has empleado para unirte a la comunidad  %s."
"controllers/registration.controller.beta.php:888 controllers/registration.controller.php:917","Obrigado pelo tempo que dispensaste para aderir à comunidade.","Gracias por el tiempo que has empleado para unirte a la comunidad."
"controllers/registration.controller.php:57","TODO",""
"controllers/registration.controller.php:113 controllers/registration.controller.php:125 controllers/registration.controller.php:177 controllers/registration.controller.php:192 controllers/registration.controller.php:327","Parabéns","¡Enhorabuena! "
"controllers/registration.controller.php:114 controllers/registration.controller.php:126 controllers/registration.controller.php:329","Registo bem sucedido","Preinscripción correcta."
"controllers/registration.controller.php:178 controllers/registration.controller.php:193","Pré-registo bem sucedido","Preinscripción correcta."
"controllers/registration.controller.php:330","Verifica o teu email e clica no link enviado.","Comprueba ahora tu correo electrónico y haz clic en el enlace que te enviamos."
"controllers/registration.controller.php:645","Invalide code",""
"controllers/registration.controller.php:649","Invalid ambassadorTO",""
"controllers/survey.controller.php:158","Achas que és um principiante","Un principiante"
"controllers/survey.controller.php:159","Um bom conselheiro","Un buen consejero"
"controllers/survey.controller.php:160","Um ótimo conselheiro","Un gran consejero"
"controllers/survey.controller.php:161","Um especialista","Un especialista"
"controllers/survey.controller.php:165","Diariamente","Diariamente"
"controllers/survey.controller.php:166","3 Vezes por semana","3 veces a la semana"
"controllers/survey.controller.php:167","2 Vezes por semana","2 veces a la semana"
"controllers/survey.controller.php:168","1 Vez por semana","1 vez a la semana"
"controllers/survey.controller.php:169","2 Vezes por mês","2 veces al mes"
"controllers/survey.controller.php:170","1 Vez por mês","1 vez al mes"
"controllers/survey.controller.php:171","4 Vezes por ano","4 veces al año"
"controllers/survey.controller.php:172","2 Vezes por ano","2 veces al año"
"controllers/survey.controller.php:173","1 Vez por ano","1 vez al año"
"controllers/survey.controller.php:174","Não pratico","No practico"
"controllers/tellafriend.controller.php:73","Por favor insere o email com que te registaste na nossa comunidade.","Escribe el correo electrónico con el que te inscribiste en nuestra comunidad."
"controllers/tellafriend.controller.php:74","Ao fazê-lo poderás ganhar pontos para a tua conta, por cada amigo teu que se registe.","De esta manera puedes ganar puntos en tu cuenta por cada amigo que se inscriba."
"controllers/tellafriend.controller.php:75","Quanto mais pontos tiveres mais probabilidades tens de ser seleccionado para as campanhas que realmente te interessam.","Cuantos más puntos tengas, más oportunidades tienes de ser seleccionado para las campañas que realmente te interesan."
"controllers/tellafriend.controller.php:76","Atenção: para ganhares os pontos terás que ter a tua conta registada.","Atención: para ganar puntos tienes que tener tu cuenta registrada."
"controllers/tellafriend.controller.php:121","Configura a tua mensagem","Configura tu mensaje:"
"controllers/tellafriend.controller.php:129","Tens de preencher pelo menos um endereço de email.","Debes rellenar por lo menos una dirección de correo electrónico."
"controllers/tellafriend.controller.php:178","Foi enviado um email para %s","Se ha enviado un correo electrónico a %s"
"controllers/tellafriend.controller.php:251","Junta-te já","Únete ahora"
"controllers/tellafriend.controller.php:253 controllers/tellafriend.controller.php:264","Olá,","Hola,"
"controllers/tellafriend.controller.php:254 controllers/tellafriend.controller.php:265","Vê já este site que te vai interessar.","Echa un vistazo a este sitio, que te va a interesar."
"controllers/tellafriend.controller.php:255 controllers/tellafriend.controller.php:266","É uma comunidade onde podes experimentar produtos e serviços das tuas marcas preferidas gratuitamente.","Te permite probar los productos y servicios de tus marcas preferidas de forma gratuita."
"controllers/tellafriend.controller.php:256 controllers/tellafriend.controller.php:267","Eu já sou membro.","Yo ya soy miembro."
"controllers/tellafriend.controller.php:258 controllers/tellafriend.controller.php:269","Regista-te usando este link - %s - e ambos ganharemos pontos para a nossa conta.","Inscríbete usando este enlace - %s - y ambos ganaremos puntos en nuestra cuenta"
"controllers/tellafriend.controller.php:260 controllers/tellafriend.controller.php:271","Quanto mais pontos tivermos mais probabilidades temos de ser seleccionados para as campanhas.","Cuantos más puntos tengamos, más oportunidades tendremos de ser seleccionados para las campañas."
"controllers/tellafriend.controller.php:261 controllers/tellafriend.controller.php:272","Até já,","Hasta luego, "
"controllers/tellafriend.controller.php:284 controllers/tellafriend.controller.php:311","Enviar email","Enviar correo electrónico"
"controllers/tellafriend.controller.php:290 controllers/tellafriend.controller.php:317","Redes sociais","Redes sociales"
"to/views/tellafriend.vto.php:35","Enviar","Enviar"
"views/footer.php:57","&copy; 2008 - 2012 Todos os direitos reservados. Embaixadores.com &reg; é uma marca registada da WOM - Marketing Agency, Lda.","&copy; 2008 - 2012 Todos los derechos reservados. Embajadores.com &reg; es una marca registrada de WOM - Marketing Agency, Lda."
"views/html_head_metas_facebook.php:12","Estamos à procura de 20.000 experimentadores de produtos no Brasil.","Buscamos 20.000 probadores de productos en España."
"views/html_head_metas_facebook.php:13","Queres ajudar a renovar tendências? Como embaixador podes transformar-te num autêntico trend setter. Vais poder experimentar produtos das tuas marcas ou produtos preferidos e dar-lhes feedback sobre os mesmos. É tudo muito simples, sem custos e com muita diversão. ","¿Quieres ayudar a renovar las tendencias? Como embajador puedes convertirte en una persona que marque tendencias. Podrás probar tus productos preferidos o de tus marcas favoritas y dar tu opinión sobre ellos. Es todo muy sencillo, sin coste ninguno y con mucha diversión."
"views/ambassadors/pre_activate.php:10","Parabéns.","¡Enhorabuena! "
"views/ambassadors/pre_activate.php:20","O teu registo foi um sucesso.","Tu registro se ha realizado correctamente."
"views/ambassadors/pre_activate.php:24","Dentro de alguns dias receberás novidades no teu email. Entretanto recomenda já o nosso site a todos os teus amigos. Podes ganhar pontos adicionais por cada um que se inscreva através da tua recomendação. Mais pontos são mais possibilidades de receberes convites para as campanhas que são do teu interesse. Não percas tempo!","En pocos días recibirás noticias en tu correo electrónico. Mientras tanto, puedes recomendar nuestro sitio a todos tus amigos. Puedes ganar puntos adicionales por cada uno que se registre a través de tu recomendación. Más puntos significan más posibilidades de recibir invitaciones para las campañas que sean de tu interés. ¡No pierdas el tiempo!"
"views/ambassadors/pre_register_mail.php:58","A equipa de %s","El equipo de %s"
"views/ambassadors/pre_register_mail.php:61","A equipa","El equipo"
"views/ambassadors/pre_register_mail.php:84","Por favor não respondas para este endereço de e-mail. Este é um endereço gerado automaticamente. Se tiveres alguma questão sobre a tua conta, ou acontecer algum erro, por favor envia um e-mail para:","No respondas a este correo electrónico. Este mensaje se ha generado automáticamente. Si tienes alguna pregunta sobre tu cuenta o quieres notificar algún error, envía un correo electrónico a: "
"views/ambassadors/pre_register_mail.php:152","Para ver este email num browser","Para ver este e-mail en un navegador"
"views/ambassadors/pre_register_mail.php:152","clica aqui","haz clic aquí"
"views/ambassadors/pre_register_show_ok.php:7","Parabéns!","¡Enhorabuena! "
"views/ambassadors/pre_register_show_ok.php:8","O teu registo está quase concluído.","Tu registro está casi terminado."
"views/ambassadors/pre_register_show_ok.php:11","Verifica agora o teu email e clica no link que te enviámos para validar a tua conta","Comprueba ahora tu correo electrónico y haz clic en el enlace que te enviamos."
"views/campaign/campaign.header.php:47","De %s até %s.","Desde %s hasta%s."
"views/campaign/campaign.header.php:58","O meu desempenho","Mi rendimiento"
"views/campaign/campaign.header.php:59","Galeria","Galería"
"views/campaign/campaign.header.php:60","Blog","Blog"
"views/campaign/campaign.header.php:61","Informações","Información"
"views/campaign/campaign.header.php:63","Voltar listagem",""
"views/campaign/campaign.header.php:121","Minhas ações","Mis acciones"
"views/campaign/campaign.header.php:124","Material recebido",""
"views/campaign/campaign.header.php:126","Envia a tua opinião","Enviar a un amigo"
"views/campaign/campaign.header.php:127","Visitar site","Visitar sitio web"
"views/campaign/campaign.header.php:129","Questionário inicial","Cuestionario inicial"
"views/campaign/campaign.header.php:131","Relatório WOM","Informe WOM"
"views/campaign/campaign.header.php:133","Questionário final","Cuestionario final"
"views/campaign/campaign.header.php:134","Enviar questionário a amigos","Enviar a un amigo"
"views/campaign/campaign.header.php:137","Questionário A","Cuestionario A"
"views/campaign/campaign.header.php:142","Fala connosco (dúvidas)","Habla con nosotros (preguntas)"
"views/campaign/campaign.header.php:144","CALENDÁRIO:","CALENDARIO:"
"views/campaign/campaign.header.php:145","STATUS:","ESTADO:"
"views/campaign/list.fo.campaign.detailed.php:19 views/campaign/list.fo.campaign.summary.php:21","Entrar","Entrar"
"views/campaign/list.fo.campaign.detailed.php:50 views/campaign/list.fo.campaign.summary.php:52","até","hasta"
"views/campaign/list.fo.campaign.detailed.php:66 views/campaign/list.fo.campaign.summary.php:68","Vale %s pontos","Vale %s puntos"
"views/campaign/list.fo.campaign.summary.php:19","Campanha de experimentação","Campaña de pruebas"
"views/campaign/list.fo.current.php:30","Não existem campanhas.","campañas"
"views/campaign/list.fo.php:170","Ver apenas campanhas em que participo ou participei","Mostrar sólo las campañas en las que participo o he participado"
"views/campaign/list.fo.php:187"," em curso","en marcha"
"views/campaign/list.fo.php:198","Próximas","Próximas"
"views/campaign/list.fo.php:199"," campanhas","campañas"
"views/campaign/list.fo.php:217"," terminadas","cerradas"
"views/campaign/list.fo.php:242","Mostrar vista reduzida","Mostrar vista reducida"
"views/campaign/list.fo.php:243","Mostrar vista estendida","Mostrar vista ampliada"
"views/campaign/list.fo.php:244","Ordenar por data","Ordenar por fecha"
"views/campaign/list.fo.php:245","Ordenar alfabeticamente","Ordenar alfabéticamente"
"views/campaign/list.fo.php:246","Mostrar campanhas de experimentação","Mostrar las campañas de pruebas"
"views/campaign/list.fo.php:247","Mostrar campanhas online (Womcasts)","Mostrar las campañas online (WOMcasts)"
"views/campaign/show.fo.temporary.default.php:11","The Experience",""
"views/campaign/show.fo.temporary.default.php:13","The ambassadors have received:",""
"views/campaign/show.fo.temporary.default.php:15","The Most Fun Photo",""
"views/campaignGallery/list.fo.temporary.100.en_GB.php:10 views/campaignGallery/list.fo.temporary.100.php:10 views/campaignGallery/list.fo.temporary.121.es_ES.php:10","fotos:","fotos:"
"views/campaignGallery/list.fo.temporary.100.en_GB.php:14 views/campaignGallery/list.fo.temporary.100.php:14 views/campaignGallery/list.fo.temporary.121.es_ES.php:14","Submeter fotos","Enviar fotos"
"views/campaignGallery/list.fo.temporary.100.en_GB.php:57 views/campaignGallery/list.fo.temporary.100.en_GB.php:97 views/campaignGallery/list.fo.temporary.100.en_GB.php:137 views/campaignGallery/list.fo.temporary.100.en_GB.php:177 views/campaignGallery/list.fo.temporary.100.en_GB.php:217 views/campaignGallery/list.fo.temporary.100.en_GB.php:257 views/campaignGallery/list.fo.temporary.100.en_GB.php:297 views/campaignGallery/list.fo.temporary.100.en_GB.php:337 views/campaignGallery/list.fo.temporary.100.en_GB.php:377 views/campaignGallery/list.fo.temporary.100.en_GB.php:417 views/campaignGallery/list.fo.temporary.100.en_GB.php:457 views/campaignGallery/list.fo.temporary.100.en_GB.php:497 views/campaignGallery/list.fo.temporary.100.en_GB.php:537 views/campaignGallery/list.fo.temporary.100.en_GB.php:577 views/campaignGallery/list.fo.temporary.100.en_GB.php:617 views/campaignGallery/list.fo.temporary.100.en_GB.php:657 views/campaignGallery/list.fo.temporary.100.php:57 views/campaignGallery/list.fo.temporary.100.php:97 views/campaignGallery/list.fo.temporary.100.php:137 views/campaignGallery/list.fo.temporary.100.php:177 views/campaignGallery/list.fo.temporary.100.php:217 views/campaignGallery/list.fo.temporary.100.php:257 views/campaignGallery/list.fo.temporary.100.php:297 views/campaignGallery/list.fo.temporary.100.php:337 views/campaignGallery/list.fo.temporary.100.php:377 views/campaignGallery/list.fo.temporary.100.php:417 views/campaignGallery/list.fo.temporary.100.php:457 views/campaignGallery/list.fo.temporary.100.php:497 views/campaignGallery/list.fo.temporary.100.php:537 views/campaignGallery/list.fo.temporary.100.php:577 views/campaignGallery/list.fo.temporary.100.php:617 views/campaignGallery/list.fo.temporary.100.php:657 views/campaignGallery/list.fo.temporary.121.es_ES.php:57 views/campaignGallery/list.fo.temporary.121.es_ES.php:97 views/campaignGallery/list.fo.temporary.121.es_ES.php:137 views/campaignGallery/list.fo.temporary.121.es_ES.php:177 views/campaignGallery/list.fo.temporary.121.es_ES.php:217 views/campaignGallery/list.fo.temporary.121.es_ES.php:257 views/campaignGallery/list.fo.temporary.121.es_ES.php:297 views/campaignGallery/list.fo.temporary.121.es_ES.php:337 views/campaignGallery/list.fo.temporary.121.es_ES.php:377 views/campaignGallery/list.fo.temporary.121.es_ES.php:417 views/campaignGallery/list.fo.temporary.121.es_ES.php:457 views/campaignGallery/list.fo.temporary.121.es_ES.php:497 views/campaignGallery/list.fo.temporary.121.es_ES.php:537 views/campaignGallery/list.fo.temporary.121.es_ES.php:577 views/campaignGallery/list.fo.temporary.121.es_ES.php:617 views/campaignGallery/list.fo.temporary.121.es_ES.php:657 views/campaignGallery/show.fo.temporary.1001.en_GB.php:8 views/campaignGallery/show.fo.temporary.1001.php:8 views/campaignGallery/show.fo.temporary.1002.en_GB.php:8","Por:","Por:"
"views/campaignGallery/list.fo.temporary.100.en_GB.php:57 views/campaignGallery/list.fo.temporary.100.en_GB.php:97 views/campaignGallery/list.fo.temporary.100.en_GB.php:137 views/campaignGallery/list.fo.temporary.100.en_GB.php:177 views/campaignGallery/list.fo.temporary.100.en_GB.php:217 views/campaignGallery/list.fo.temporary.100.en_GB.php:257 views/campaignGallery/list.fo.temporary.100.en_GB.php:297 views/campaignGallery/list.fo.temporary.100.en_GB.php:337 views/campaignGallery/list.fo.temporary.100.en_GB.php:377 views/campaignGallery/list.fo.temporary.100.en_GB.php:417 views/campaignGallery/list.fo.temporary.100.en_GB.php:457 views/campaignGallery/list.fo.temporary.100.en_GB.php:497 views/campaignGallery/list.fo.temporary.100.en_GB.php:537 views/campaignGallery/list.fo.temporary.100.en_GB.php:577 views/campaignGallery/list.fo.temporary.100.en_GB.php:617 views/campaignGallery/list.fo.temporary.100.en_GB.php:657 views/campaignGallery/list.fo.temporary.100.php:57 views/campaignGallery/list.fo.temporary.100.php:97 views/campaignGallery/list.fo.temporary.100.php:137 views/campaignGallery/list.fo.temporary.100.php:177 views/campaignGallery/list.fo.temporary.100.php:217 views/campaignGallery/list.fo.temporary.100.php:257 views/campaignGallery/list.fo.temporary.100.php:297 views/campaignGallery/list.fo.temporary.100.php:337 views/campaignGallery/list.fo.temporary.100.php:377 views/campaignGallery/list.fo.temporary.100.php:417 views/campaignGallery/list.fo.temporary.100.php:457 views/campaignGallery/list.fo.temporary.100.php:497 views/campaignGallery/list.fo.temporary.100.php:537 views/campaignGallery/list.fo.temporary.100.php:577 views/campaignGallery/list.fo.temporary.100.php:617 views/campaignGallery/list.fo.temporary.100.php:657 views/campaignGallery/list.fo.temporary.121.es_ES.php:57 views/campaignGallery/list.fo.temporary.121.es_ES.php:97 views/campaignGallery/list.fo.temporary.121.es_ES.php:137 views/campaignGallery/list.fo.temporary.121.es_ES.php:177 views/campaignGallery/list.fo.temporary.121.es_ES.php:217 views/campaignGallery/list.fo.temporary.121.es_ES.php:257 views/campaignGallery/list.fo.temporary.121.es_ES.php:297 views/campaignGallery/list.fo.temporary.121.es_ES.php:337 views/campaignGallery/list.fo.temporary.121.es_ES.php:377 views/campaignGallery/list.fo.temporary.121.es_ES.php:417 views/campaignGallery/list.fo.temporary.121.es_ES.php:457 views/campaignGallery/list.fo.temporary.121.es_ES.php:497 views/campaignGallery/list.fo.temporary.121.es_ES.php:537 views/campaignGallery/list.fo.temporary.121.es_ES.php:577 views/campaignGallery/list.fo.temporary.121.es_ES.php:617 views/campaignGallery/list.fo.temporary.121.es_ES.php:657 views/campaignGallery/show.fo.temporary.1001.en_GB.php:29 views/campaignGallery/show.fo.temporary.1001.php:29 views/campaignGallery/show.fo.temporary.1002.en_GB.php:29","Votos:","Votos:"
"views/campaignGallery/list.fo.temporary.100.en_GB.php:65 views/campaignGallery/list.fo.temporary.100.en_GB.php:105 views/campaignGallery/list.fo.temporary.100.en_GB.php:145 views/campaignGallery/list.fo.temporary.100.en_GB.php:185 views/campaignGallery/list.fo.temporary.100.en_GB.php:225 views/campaignGallery/list.fo.temporary.100.en_GB.php:265 views/campaignGallery/list.fo.temporary.100.en_GB.php:305 views/campaignGallery/list.fo.temporary.100.en_GB.php:345 views/campaignGallery/list.fo.temporary.100.en_GB.php:385 views/campaignGallery/list.fo.temporary.100.en_GB.php:425 views/campaignGallery/list.fo.temporary.100.en_GB.php:465 views/campaignGallery/list.fo.temporary.100.en_GB.php:505 views/campaignGallery/list.fo.temporary.100.en_GB.php:545 views/campaignGallery/list.fo.temporary.100.en_GB.php:585 views/campaignGallery/list.fo.temporary.100.en_GB.php:625 views/campaignGallery/list.fo.temporary.100.en_GB.php:665 views/campaignGallery/list.fo.temporary.100.php:65 views/campaignGallery/list.fo.temporary.100.php:105 views/campaignGallery/list.fo.temporary.100.php:145 views/campaignGallery/list.fo.temporary.100.php:185 views/campaignGallery/list.fo.temporary.100.php:225 views/campaignGallery/list.fo.temporary.100.php:265 views/campaignGallery/list.fo.temporary.100.php:305 views/campaignGallery/list.fo.temporary.100.php:345 views/campaignGallery/list.fo.temporary.100.php:385 views/campaignGallery/list.fo.temporary.100.php:425 views/campaignGallery/list.fo.temporary.100.php:465 views/campaignGallery/list.fo.temporary.100.php:505 views/campaignGallery/list.fo.temporary.100.php:545 views/campaignGallery/list.fo.temporary.100.php:585 views/campaignGallery/list.fo.temporary.100.php:625 views/campaignGallery/list.fo.temporary.100.php:665 views/campaignGallery/list.fo.temporary.121.es_ES.php:65 views/campaignGallery/list.fo.temporary.121.es_ES.php:105 views/campaignGallery/list.fo.temporary.121.es_ES.php:145 views/campaignGallery/list.fo.temporary.121.es_ES.php:185 views/campaignGallery/list.fo.temporary.121.es_ES.php:225 views/campaignGallery/list.fo.temporary.121.es_ES.php:265 views/campaignGallery/list.fo.temporary.121.es_ES.php:305 views/campaignGallery/list.fo.temporary.121.es_ES.php:345 views/campaignGallery/list.fo.temporary.121.es_ES.php:385 views/campaignGallery/list.fo.temporary.121.es_ES.php:425 views/campaignGallery/list.fo.temporary.121.es_ES.php:465 views/campaignGallery/list.fo.temporary.121.es_ES.php:505 views/campaignGallery/list.fo.temporary.121.es_ES.php:545 views/campaignGallery/list.fo.temporary.121.es_ES.php:585 views/campaignGallery/list.fo.temporary.121.es_ES.php:625 views/campaignGallery/list.fo.temporary.121.es_ES.php:665 views/campaignGallery/show.fo.temporary.1001.en_GB.php:18 views/campaignGallery/show.fo.temporary.1001.php:18 views/campaignGallery/show.fo.temporary.1002.en_GB.php:18","Gosto!","Te gusta!"
"views/campaignGallery/list.fo.temporary.100.en_GB.php:72 views/campaignGallery/list.fo.temporary.100.en_GB.php:112 views/campaignGallery/list.fo.temporary.100.en_GB.php:152 views/campaignGallery/list.fo.temporary.100.en_GB.php:192 views/campaignGallery/list.fo.temporary.100.en_GB.php:232 views/campaignGallery/list.fo.temporary.100.en_GB.php:272 views/campaignGallery/list.fo.temporary.100.en_GB.php:312 views/campaignGallery/list.fo.temporary.100.en_GB.php:352 views/campaignGallery/list.fo.temporary.100.en_GB.php:392 views/campaignGallery/list.fo.temporary.100.en_GB.php:432 views/campaignGallery/list.fo.temporary.100.en_GB.php:472 views/campaignGallery/list.fo.temporary.100.en_GB.php:512 views/campaignGallery/list.fo.temporary.100.en_GB.php:552 views/campaignGallery/list.fo.temporary.100.en_GB.php:592 views/campaignGallery/list.fo.temporary.100.en_GB.php:632 views/campaignGallery/list.fo.temporary.100.en_GB.php:672 views/campaignGallery/list.fo.temporary.100.php:72 views/campaignGallery/list.fo.temporary.100.php:112 views/campaignGallery/list.fo.temporary.100.php:152 views/campaignGallery/list.fo.temporary.100.php:192 views/campaignGallery/list.fo.temporary.100.php:232 views/campaignGallery/list.fo.temporary.100.php:272 views/campaignGallery/list.fo.temporary.100.php:312 views/campaignGallery/list.fo.temporary.100.php:352 views/campaignGallery/list.fo.temporary.100.php:392 views/campaignGallery/list.fo.temporary.100.php:432 views/campaignGallery/list.fo.temporary.100.php:472 views/campaignGallery/list.fo.temporary.100.php:512 views/campaignGallery/list.fo.temporary.100.php:552 views/campaignGallery/list.fo.temporary.100.php:592 views/campaignGallery/list.fo.temporary.100.php:632 views/campaignGallery/list.fo.temporary.100.php:672 views/campaignGallery/list.fo.temporary.121.es_ES.php:72 views/campaignGallery/list.fo.temporary.121.es_ES.php:112 views/campaignGallery/list.fo.temporary.121.es_ES.php:152 views/campaignGallery/list.fo.temporary.121.es_ES.php:192 views/campaignGallery/list.fo.temporary.121.es_ES.php:232 views/campaignGallery/list.fo.temporary.121.es_ES.php:272 views/campaignGallery/list.fo.temporary.121.es_ES.php:312 views/campaignGallery/list.fo.temporary.121.es_ES.php:352 views/campaignGallery/list.fo.temporary.121.es_ES.php:392 views/campaignGallery/list.fo.temporary.121.es_ES.php:432 views/campaignGallery/list.fo.temporary.121.es_ES.php:472 views/campaignGallery/list.fo.temporary.121.es_ES.php:512 views/campaignGallery/list.fo.temporary.121.es_ES.php:552 views/campaignGallery/list.fo.temporary.121.es_ES.php:592 views/campaignGallery/list.fo.temporary.121.es_ES.php:632 views/campaignGallery/list.fo.temporary.121.es_ES.php:672 views/campaignGallery/show.fo.temporary.1001.en_GB.php:25 views/campaignGallery/show.fo.temporary.1001.php:25 views/campaignGallery/show.fo.temporary.1002.en_GB.php:25","Já votaste!","¡Has votado!"
"views/campaignGallery/show.fo.temporary.1001.en_GB.php:39 views/campaignGallery/show.fo.temporary.1001.php:39 views/campaignGallery/show.fo.temporary.1002.en_GB.php:39","Enviar a amigos","Enviar a amigos"
"views/components/fileUpload.php:19","A enviar... Por favor aguarde.","Enviando... Espera."
"views/components/landing_top.php:87 views/components/share_button.php:3","Partilha com os teus amigos:","Disfruta y recomienda a tus amigos:"
"views/components/slider.php:73","Mais informações","Más información"
"views/components/teaserRegisterForm.php:34","Email","E-mail"
"views/components/teaserRegisterForm.php:43","Submeter","Enviar"
"views/components/login/login.php:203","Bem-vindo(a)","Bienvenido"
"views/components/login/login.php:208 views/components/login/login_1.php:154","Enviar a amigo","Enviar a un amigo"
"views/components/login/login.php:239 views/components/login/login_1.php:176","Username ou email","Nombre de usuario o correo electrónico"
"views/components/login/login.php:241 views/components/login/login_1.php:180","Password","Contraseña"
"views/components/login/login_1.php:168","Login","Login"
"views/components/login/login_1.php:186","Lembrar-me","Recordarme"
"views/components/login/login_1.php:193","Esqueci-me da password","He olvidado mi contraseña"
"views/components/login/login_1.php:197","Esqueci-me do Username","He olvidado mi nombre de usuario"
"views/components/login/login_1.php:202","...ou logar com:","... o conéctate con:"
"views/components/login/login_1.php:208","Iniciar sessão","Iniciar sesión"
"views/dashboard/header.php:63","Perfil","Perfil"
"views/dashboard/header.php:64","Avaliação","Localización"
"views/dashboard/header.php:65","Buzz","Buzz"
"views/dashboard/header.php:66","Histórias","Historiador"
"views/default/default.php:15","Como funciona","¿Cómo funciona?"
"views/default/logged_in_homepage.php:43","Tens notificações novas! Clica aqui.","¡Tienes notificaciones nuevas! Haz clic aquí."
"views/default/logged_in_homepage.php:95","Completa o teu perfil.","Completa tu perfil."
"views/default/logged_in_homepage.php:110 views/default/logged_in_homepage.php:119","Ver","Ver"
"views/default/logged_in_homepage.php:124","Pontos totais","Total de puntos"
"views/default/logged_in_homepage.php:126","Código:","Código:"
"views/default/not_logged_in_homepage.php:63","Ver como","ver cómo"
"views/error/default.php:24","Tem de fazer Login","Necesitas hacer login"
"views/error/default.php:28","Ups...algo correu mal!","¡Vaya... algo salió mal!"
"views/error/default.php:50","Não está Login","No estás conectado"
"views/error/default.php:52","404","404"
"views/error/default.php:66","Ocorreu um erro inesperado, se o erro persistir contacte o administrador do site.","Se ha producido un error inesperado. Si el error persiste, ponte en contacto con el administrador del sitio."
"views/flags/default.php:7","Ambassadors.com","Ambassadors.com"
"views/landing_page_video/show_video.php:15","Loading the player. Please wait ...","Cargando el reproductor. Por favor aguarde ..."
"views/profile/show.fo.php:71","Completa o teu perfil e ganha 150 pontos incluindo 40 pontos de Bónus.","Completa tu perfil y gana 160 puntos, incluidos 40 puntos de bonificación."
"views/profile/show.fo.php:73","Completa o teu perfil","Completa tu perfil."
"views/profile/show.fo.php:90 views/profile/show.fo.php:126 views/profile/show.fo.php:215","Pontos","Puntos"
"views/profile/show.fo.php:91","Nível","Nivel"
"views/profile/show.fo.php:95","Inscrição de amigos teus com o teu código de convite","Inscribe a tus amigos con tu código de invitación"
"views/profile/show.fo.php:99","Questionários preenchidos","Cuestionarios completados"
"views/profile/show.fo.php:100","Campanhas em que participaste","Campañas en las que has participado"
"views/profile/show.fo.php:102","Inscrição de amigos após recomendação","Inscripción de amigos después de la recomendación"
"views/profile/show.fo.php:104","pontos ganhos","puntos ganados"
"views/profile/show.fo.php:106","%d amigos teus inscreveram-se em embaixadores.com utilizando o teu código de convite","%d de tus amigos entraron en ambassadors.com usando tu código de invitación"
"views/profile/show.fo.php:214","Categorias","Categorías"
"views/profile/show.fo.php:220","Ganhos","Ganancias"
"views/profile/show.fo.php:221","Disponíveis","Disponibles"
"views/profile/show.fo.php:222","Percentagem preenchida","Porcentaje completado"
"views/profile/show.fo.php:255","Liga o teu perfil ás redes sociais e expande a tua influência online!","¡Conecta tu perfil en las redes sociales y amplia tu influencia online!"
"views/profile/show.fo.php:308","Editar","Entrar"
"views/profile_form/show.fo.form.php:115","Parte %d","Parte %d"
"views/questions/free_response_DATE.php:24","Jan","Ene"
"views/questions/free_response_DATE.php:24","Fev","Feb"
"views/questions/free_response_DATE.php:24","Mar","Mar"
"views/questions/free_response_DATE.php:24","Abr","Abr"
"views/questions/free_response_DATE.php:24","Mai","May"
"views/questions/free_response_DATE.php:24","Jun","Jun"
"views/questions/free_response_DATE.php:24","Jul","Jul"
"views/questions/free_response_DATE.php:24","Ago","Ago"
"views/questions/free_response_DATE.php:24","Set","Sep"
"views/questions/free_response_DATE.php:24","Out","Oct"
"views/questions/free_response_DATE.php:24","Nov","Nov"
"views/questions/free_response_DATE.php:24","Dez","Dic"
"views/questions/free_response_DATE.php:25","Janeiro","Enero"
"views/questions/free_response_DATE.php:25","Fevereiro","Febrero"
"views/questions/free_response_DATE.php:25","Março","Marzo"
"views/questions/free_response_DATE.php:25","Abril","Abril"
"views/questions/free_response_DATE.php:25","Maio","Mayo"
"views/questions/free_response_DATE.php:25","Junho","Junio"
"views/questions/free_response_DATE.php:25","Julho","Julio"
"views/questions/free_response_DATE.php:25","Agosto","Agosto"
"views/questions/free_response_DATE.php:25","Setembro","Septiembre"
"views/questions/free_response_DATE.php:25","Outubro","Octubre"
"views/questions/free_response_DATE.php:25","Novembro","Noviembre"
"views/questions/free_response_DATE.php:25","Dezembro","Diciembre"
"views/questions/free_response_DATE.php:26","Dom","Dom"
"views/questions/free_response_DATE.php:26","Seg","Lun"
"views/questions/free_response_DATE.php:26","Ter","Mar"
"views/questions/free_response_DATE.php:26","Qua","Mie"
"views/questions/free_response_DATE.php:26","Qui","Jue"
"views/questions/free_response_DATE.php:26","Sex","Vie"
"views/questions/free_response_DATE.php:26","Sab","Sab"
"views/questions/free_response_DATE.php:27","Domingo","Domingo"
"views/questions/free_response_DATE.php:27","Segunda","Lunes"
"views/questions/free_response_DATE.php:27","Terça","Martes"
"views/questions/free_response_DATE.php:27","Quarta","Miércoles"
"views/questions/free_response_DATE.php:27","Quinta","Jueves"
"views/questions/free_response_DATE.php:27","Sexta","Viernes"
"views/questions/free_response_DATE.php:27","Sábado","Sábado"
"views/questions/free_response_DATE.php:28","Hoje","Hoy"
"views/questions/free_response_DATE.php:29","X","X"
"views/questions/free_response_DATE.php:30","Seguinte","Siguiente"
"views/questions/free_response_DATE.php:31","Anterior","Anterior"
"views/questions/multiple_choice_multiple_response_checkbox.php:57 views/questions/multiple_choice_single_response_radiobutton.php:45","outra","otro"
"views/questions/question.php:99","Esta pergunta é obrigatória.","Esta pregunta es obligatoria."
"views/registration/default.form.php:39","Embaixadores","Embajadores"
"views/registration/default.form.php:190 views/registration/default.form.php:192 views/registration/default.form.php:193","Nome próprio","Nombre"
"views/registration/default.form.php:202 views/registration/default.form.php:204 views/registration/default.form.php:205","Apelido","Apellidos"
"views/registration/default.form.php:227 views/registration/default.form.php:229 views/registration/default.form.php:230","Confirmar email","Confirmar e-mail"
"views/registration/default.form.php:255 views/registration/default.form.php:257 views/registration/default.form.php:258","Confirmar password","Confirmar contraseña"
"views/registration/default.form.php:271 views/registration/default.form.php:274","Código de convite","Código de invitación"
"views/registration/default.form.php:273","Se recebeste um código de convite de um amigo, insere-o aqui. Vais ganhar pontos adicionais se o fizeres. Se não tiveres um código de convite deixa o campo vazio e continua.","Si has recibido un código de invitación de un amigo, introdúcelo aquí. Ganarás puntos adicionales si lo haces. Si no tienes un código de invitación, deja el campo vacío y continúa."
"views/registration/default.form.php:288 views/registration/default.form.php:290 views/registration/default.form.php:291","Verificação de SPAM","Verificación de SPAM:"
"views/registration/default.form.php:310","Insira código","Inserta código:"
"views/registration/default.form.php:313 views/registration/default.form.php:314","Insere aqui o texto que vês ao lado",""
"views/registration/default.form.php:338","Li e aceito a política de","He leído y acepto la política de"
"views/registration/default.form.php:345","Privacidade","Privacidad"
"views/registration/default.form.php:346","Termos e Condições de Utilização","Términos y condiciones de uso"
"views/registration/default.form.php:347","Respeitamos a tua privacidade. Nunca te enviaremos spam ou partilharemos a tua informação pessoal com ninguém sem o teu consentimento.","Respetamos tu privacidad. Nunca te enviaremos spam ni compartiremos tu información personal con nadie sin tu consentimiento."
"views/registration/default.form.php:352","Registar","Registro"
"views/registration/form_OBSOLET.php:261 views/registration/form_OBSOLET.php:265","Inserir código","Introducir código"
"views/registration/newPasswordPage.form.php:134 views/registration/restor_pass.form.php:120","Confirmar","Confirmar"
"views/survey/list.fo.php:97"," por responder","sin responder"
"views/survey/list.fo.php:108"," respondidos","respondido"
"views/survey/list.fo.survey.detailed.php:33 views/survey/list.fo.survey.summary.php:36","De","Desde"
"views/survey/list.fo.survey.detailed.php:58 views/survey/list.fo.survey.summary.php:61","Ainda não preencheste Relatório WOM","Todavía no has rellenado el informe de WOM"
"views/survey/list.fo.survey.detailed.php:59 views/survey/list.fo.survey.summary.php:62","You did not fullfill this questionnaire.",""
"views/survey/list.fo.survey.summary.php:34","Clique para deixar de receber questionários desta categoria","Haz clic aquí para dejar de recibir cuestionarios de esta categoría"
"views/survey/show.fo.form.inner.page.matrix.php:3","Nunca","Nunca"
"views/survey/show.fo.form.inner.page.matrix.php:4","Diaramente","Diariamente"
"views/survey/show.fo.form.inner.php:287","Página sem questões","Página sin preguntas"
"views/survey/show.fo.form.inner.php:296","salvar","guardar"
"views/survey/show.fo.form.inner.php:328","A gravação dos teus dados no formulário é feita automaticamente.","La grabación de tus datos en el formulario se realiza automáticamente."
"views/survey/show.fo.form.inner.php:345","página anterior","página anterior"
"views/survey/show.fo.form.inner.php:350","próxima página","página siguiente"
"views/survey/show.fo.form.inner.php:370","%d de %d","%d de %d"
"views/survey/show.fo.form.php:114","Por favor, responde a todas as questões do questionário.","Contesta a todas las preguntas del cuestionario."
"views/survey/show.fo.form.php:118 views/survey/show.fo.form.php:147","Questionário completo. Obrigado por responderes.","Cuestionario terminado. Gracias por contestar."
"views/survey/show.fo.form.php:127 views/survey/show.fo.form.php:163","Progresso:","Progreso:"
"views/survey/show.fo.form.php:149","Acabaste de ganhar %d pontos!","¡Acabas de ganar %d puntos!"
"views/tellafriend/email_content.php:32","Título:","Título:"
"views/tellafriend/email_content.php:36","Mensagem:","Mensaje:"
"views/tellafriend/email_set_recipients.php:20","Clica aqui","Haz clic aquí"
"views/tellafriend/email_set_recipients.php:20","para usares o teu editor de email ou (2) preenche os campos.","para que puedas usar tu editor de email o entonces (2) rellhena los campos."
"views/tellafriend/send_email.php:16","Obrigado por partilhar com os teus amigos!","¡Gracias por compartir con tus amigos!"
"views/welcomeEmail/default.php:89","Obrigado pelo tempo que dispensaste para aderir à comunidade","Gracias por el tiempo que has empleado para unirte a la comunidad"
"views/welcomeEmail/default.php:91","Para terminar clica no link seguinte para confirmares a criação  da tua conta:","Para terminar, haz clic en el siguiente enlace para confirmar la creación de tu cuenta: "
"views/welcomeEmail/default.php:94","Aproveita e activa este  e-mail como &ldquo;Safe/Not junk&rdquo; para que possas continuar a receber e-mails nossos  e a participar nas Campanhas e WOMCasts que temos para ti.","Aprovecha y activa este correo electrónico como ""Seguro / No spam"" para que puedas seguir recibiendo correos electrónicos nuestros y participar en las campañas y WOMCasts que tenemos para ti."
"views/welcomeEmail/default.php:114","Por favor não respondas para  este endereço de e-mail. Este é um endereço gerado automaticamente. Se tiveres  alguma questão sobre a tua conta, ou acontecer algum erro, por favor envia um  e-mail para:","No respondas a este correo electrónico. Este mensaje se ha generado automáticamente. Si tienes alguna pregunta sobre tu cuenta o quieres notificar algún error, envía un correo electrónico a:"
"views/welcomeEmail/default.php:114","Recomendamos que incluas o e-mail %s &nbsp;no teu livro de endereços (address  book).",""
"views/welcomeEmail/default.php:114","Deste modo, evitarás que as mensagens que te enviamos desde %s&nbsp;sejam movidas por erro para a pasta de  correio não desejado do teu e-mail.","De esta manera, se evita que los mensajes que envíen desde %s se muevan por error a la carpeta de correo no deseado del correo electrónico."
"views/welcomeEmail/default.php:114","Desta forma nunca perderás uma das nossas  campanhas ou WOMCasts.","Así nunca te perderás ninguna de nuestras campañas o WOMCasts."
"views/womworld/default.php:53","Comunidades no mundo:","Las comunidades en el mundo:"
"views/womworld/default.php:62","País:","país:"
"views/womworld/default.php:63","Embaixadores:","Embajadores:"
"views/womworld/default.php:83 views/womworld/default.php:91","brevemente","pronto"
"views/womworld/default.php:99","aberto","abierto"
"views/zOffline/default.php:38 views/zOffline/show_offline_message.php:38","Este site encontra-se temporariamente indisponível para manutenção.","Este sitio está temporalmente fuera de servicio por mantenimiento."
"views/zOffline/default.php:39 views/zOffline/show_offline_message.php:39","Lamentamos qualquer inconveniente.","Nos disculpamos por cualquier inconveniente."
"views/zOffline/default.php:40 views/zOffline/show_offline_message.php:40","Por favor volte mais tarde.","Por favor, vuelva más tarde."
"views/zOffline/special_login.php:59","Login:","iniciar sesión:"
"views/zOffline/special_login.php:67","Password:","Contraseña:"
"zzzHtmlSnapshots/survey.php:362 zzzHtmlSnapshots/survey.php:393","Localização","Localización"
"zzzHtmlSnapshots/survey.php:429 zzzHtmlSnapshots/survey.php:460","Interesses","Intereses"
"","Clica na foto para actualizar","Haz clic en la foto para actualizar"
"","Data de nascimento ","Fecha de nacimiento"
"","Nível de ensino concluído","Nivel de estudios terminados"
"","Nacionalidade","Nacionalidad"
"","Estado Civil","Estado civil"
"","Tens filhos?","¿Tienes hijos?"
"","Número de filhos","Número de hijos"
"","Número de telemóvel - Código do país","Número de teléfono móvil - código de país"
"","Número de telemóvel ","Número de teléfono móvil"
"","Morada","Dirección (residencia)"
"","Codigo Postal","Código Postal (residencia)"
"","Cidade","Ciudad (residencia)"
"","Distrito/Estado","Distrito/Estado (residencia)"
"","País","País (residencia)"
"","Morada Alternativa","Dirección (alternativa)"
"","Codigo Postal Alternativo","Código postal (dirección alternativa)"
"","Cidade Alternativa","Ciudad (dirección alternativa)"
"","Distrito/Estado Alternativo","Estado (dirección alternativa)"
"","Dentro destas atividades, quais é que tens interesse e com que frequência praticas?","Dentro de estas actividades, ¿cuáles son las que más te interesan y con qué frecuencia las practicas?"
"","Em que redes sociais possuis contas","¿En qué redes sociales tienes cuenta?"
"","Qual a tua situação laboral?","¿Cuál es tu situación laboral?"
"","Qual a tua profissão?","¿Cuál es tu ocupación?"
"","Morada (local de trabalho)","Dirección (lugar de trabajo)"
"","Codigo Postal (local de trabalho)","Código postal (lugar de trabajo)"
"","Cidade (local de trabalho)","Ciudad (lugar de trabajo)"
"","Distrito/Estado (local de trabalho)","Distrito/Estado (local de trabalho)"
"","Como te sentes com produtos novos?","¿Cómo te sientes en relación con los productos nuevos?"
"","Eu prefiro fazer compras: ","Prefiero comprar:"
"","Telemóvel/Smartphone","Móvil/Smartphone"
"","Computador","Ordenador"
"","Jogos/consolas","Juegos/Consolas"
"","Leitor de mp3","Reproductor de MP3"
"","Blogs","Blogs"
"","Qual a dimensão da tua família próxima?","¿Cuál es el tamaño de tu familia cercana?"
"","Qual a dimensão do teu círculo de amigos (a quem te sentes confortável em dizer segredos)?","¿Cuál es el tamaño de tu círculo de amigos (a los que puedes contarles secretos con confianza)?"
"","Qual a dimensão do teu círculo de colegas de trabalho?","¿Cuál es el tamaño de tu círculo de compañeros de trabajo?"
"","Qual a dimensão do teu círculo de conhecimentos (quando os vês na rua, tens com eles um conversa longa)?","¿Cuál es el tamaño de tu círculo de contactos (cuando los ves por la calle tienes una larga conversación con ellos)?"
"","Se fores fazer alguma actividade com os teus amigos como é tomada a decisão?","Si tú y tus amigos decidís realizar una actividad, ¿cómo se toma la decisión?"
"","1. How many weight loss diets have you done in the last 12 months?","1.	¿Cuántas dietas de adelgazamiento has hecho en los últimos 12 meses? "
"","2. What leads you to get involved in a weight loss diet program? ","2.	¿Cuál es el motivo por el que haces una dieta de adelgazamiento? "
"","3. Who encourages you to do a weight loss diet?","3. ¿Quién te anima a hacer una dieta de adelgazamiento? "
"","4. How long do those weight loss diets take? ","4. ¿Cuál es la duración de estas dietas de adelgazamiento? "
"","5. How much weight do you want to lose with a weight loss diet? ","5. ¿Cuánto peso quieres perder con una dieta de adelgazamiento? "
"","6. At that time of the year do you usually take your diet?","6. ¿En qué época del año sueles hacer dieta? "
"","7. What do you usually do to lose weight? ","7. ¿Qué sueles hacer para perder peso? "
"","8. Are you satisfied with the results of the weight loss diets you've done?","8. ¿Estás satisfecho con los resultados de las dietas de adelgazamiento que has hecho? "
"","9. What usually fails in the weight loss diets you've done? ","9. ¿Qué suele fallar en las dietas de adelgazamiento que has hecho? "
"","10. Which features are most valuable to you in a product that helps you to lose weight?","10. ¿Qué características valoras en un producto que ayuda a perder peso? "
"","11. Which weight loss products do you know?","11. ¿Qué productos conoces para perder peso? "
"","12. Have you used any one of these products in the last 24 months? ","12. ¿Has usado alguno de estos productos en los últimos 24 meses? "
"","13. If you did not use any, are you planning to?","13. Si no los has usado, ¿los piensas usar?"
"","13.1. If yes, which one?","13.1. Si es así, ¿cuál?"
"","14. Do you know the XLS Medical TV campaign?","14. ¿Conoces la campaña de TV de XLS Medical?"
"","Now watch this movie:<br/><br/><br/><center> <iframe src=""http://player.vimeo.com/video/39432291"" width=""500"" height=""375"" frameborder=""0"" webkitAllowFullScreen mozallowfullscreen allowFullScreen></iframe></center><br/><br/><br/>15. Do you consider this campaign to be:","Ver ahora esta película:<br/><br/><br/><center> <iframe src=""http://player.vimeo.com/video/39432291"" width=""500"" height=""375"" frameborder=""0"" webkitAllowFullScreen mozallowfullscreen allowFullScreen></iframe></center><br/><br/><br/>15. Consideras la campaña:"
"","16. Do you identify yourself with the image of the campaign?","16. ¿Te identificas con la imagen de la campaña?"
"","17. After watching the movie, would you buy the product?","17. Después de haber visto la película, ¿comprarías el producto?"
"","18. Why?","18. ¿Por qué?"
"","1. Do you see any of these signs of aging? ","1.	¿Presentas alguno de estos signos de envejecimiento? "
"","2. Do you use anti-aging cosmetic products? ","2.	¿Utilizas cosméticos contra el envejecimiento? "
"","3. If so, where do you buy them? ","3.	Si es así, ¿dónde sueles comprar? "
"","4. If so, what brands did you use in the last 6 months? ","4.	Si es así, ¿cuáles son las marcas que has utilizado en los últimos 6 meses? "
"","5. What feature do you value the most in an anti-aging product? ","5.	¿Qué característica es la que más buscas en un producto cosmético antienvejecimiento? "
"","6. How much would you be willing to pay for a cosmetic anti-aging product? ","6.	¿Cuánto estarías dispuesta a pagar por un producto cosmético antienvejecimiento? "
"","7. Would you like to try an innovative cosmetic anti-aging product? ","7.	¿Te gustaría probar un producto innovador de cosmética antienvejecimiento? "
"","8. Why do you think you should be selected for this campaign? ","8.	¿Por qué crees que debes ser seleccionada para esta campaña? "
"","Cell phone/Smartphone","Móvil/Smartphone"
"","Computer","Ordenador"
"","Redes Sociais","Redes sociales"
"","Aproveita e recomenda aos teus amigos:","Disfruta y recomienda a tus amigos:"
"","Escolhe o teu país:","Selecciona tu país:"
"","página","página"
